[
  {
    "alpha_2": "AW",
    "alpha_3": "ABW",
    "name": "Aruba"
  },
  {
    "alpha_2": "AF",
    "alpha_3": "AFG",
    "name": "Afghanistan",
    "official_name": "Islamic Republic of Afghanistan"
  },
  {
    "alpha_2": "AO",
    "alpha_3": "AGO",
    "name": "Angola",
    "official_name": "Republic of Angola"
  },
  {
    "alpha_2": "AI",
    "alpha_3": "AIA",
    "name": "Anguilla"
  },
  {
    "alpha_2": "AX",
    "alpha_3": "ALA",
    "name": "Åland Islands"
  },
  {
    "alpha_2": "AL",
    "alpha_3": "ALB",
    "name": "Albania",
    "official_name": "Republic of Albania"
  },
  {
    "alpha_2": "AD",
    "alpha_3": "AND",
    "name": "Andorra",
    "official_name": "Principality of Andorra"
  },
  {
    "alpha_2": "AE",
    "alpha_3": "ARE",
    "name": "United Arab Emirates"
  },
  {
    "alpha_2": "AR",
    "alpha_3": "ARG",
    "name": "Argentina",
    "official_name": "Argentine Republic"
  },
  {
    "alpha_2": "AM",
    "alpha_3": "ARM",
    "name": "Armenia",
    "official_name": "Republic of Armenia"
  },
  {
    "alpha_2": "AS",
    "alpha_3": "ASM",
    "name": "American Samoa"
  },
  {
    "alpha_2": "AQ",
    "alpha_3": "ATA",
    "name": "Antarctica"
  },
  {
    "alpha_2": "TF",
    "alpha_3": "ATF",
    "name": "French Southern Territories"
  },
  {
    "alpha_2": "AG",
    "alpha_3": "ATG",
    "name": "Antigua and Barbuda"
  },
  {
    "alpha_2": "AU",
    "alpha_3": "AUS",
    "name": "Australia"
  },
  {
    "alpha_2": "AT",
    "alpha_3": "AUT",
    "name": "Austria",
    "official_name": "Republic of Austria"
  },
  {
    "alpha_2": "AZ",
    "alpha_3": "AZE",
    "name": "Azerbaijan",
    "official_name": "Republic of Azerbaijan"
  },
  {
    "alpha_2": "BI",
    "alpha_3": "BDI",
    "name": "Burundi",
    "official_name": "Republic of Burundi"
  },
  {
    "alpha_2": "BE",
    "alpha_3": "BEL",
    "name": "Belgium",
    "official_name": "Kingdom of Belgium"
  },
  {
    "alpha_2": "BJ",
    "alpha_3": "BEN",
    "name": "Benin",
    "official_name": "Republic of Benin"
  },
  {
    "alpha_2": "BQ",
    "alpha_3": "BES",
    "name": "Bonaire, Sint Eustatius and Saba",
    "official_name": "Bonaire, Sint Eustatius and Saba"
  },
  {
    "alpha_2": "BF",
    "alpha_3": "BFA",
    "name": "Burkina Faso"
  },
  {
    "alpha_2": "BD",
    "alpha_3": "BGD",
    "name": "Bangladesh",
    "official_name": "People's Republic of Bangladesh"
  },
  {
    "alpha_2": "BG",
    "alpha_3": "BGR",
    "name": "Bulgaria",
    "official_name": "Republic of Bulgaria"
  },
  {
    "alpha_2": "BH",
    "alpha_3": "BHR",
    "name": "Bahrain",
    "official_name": "Kingdom of Bahrain"
  },
  {
    "alpha_2": "BS",
    "alpha_3": "BHS",
    "name": "Bahamas",
    "official_name": "Commonwealth of the Bahamas"
  },
  {
    "alpha_2": "BA",
    "alpha_3": "BIH",
    "name": "Bosnia and Herzegovina",
    "official_name": "Republic of Bosnia and Herzegovina"
  },
  {
    "alpha_2": "BL",
    "alpha_3": "BLM",
    "name": "Saint Barthélemy"
  },
  {
    "alpha_2": "BY",
    "alpha_3": "BLR",
    "name": "Belarus",
    "official_name": "Republic of Belarus"
  },
  {
    "alpha_2": "BZ",
    "alpha_3": "BLZ",
    "name": "Belize"
  },
  {
    "alpha_2": "BM",
    "alpha_3": "BMU",
    "name": "Bermuda"
  },
  {
    "alpha_2": "BO",
    "alpha_3": "BOL",
    "common_name": "Bolivia",
    "name": "Bolivia, Plurinational State of",
    "official_name": "Plurinational State of Bolivia"
  },
  {
    "alpha_2": "BR",
    "alpha_3": "BRA",
    "name": "Brazil",
    "official_name": "Federative Republic of Brazil"
  },
  {
    "alpha_2": "BB",
    "alpha_3": "BRB",
    "name": "Barbados"
  },
  {
    "alpha_2": "BN",
    "alpha_3": "BRN",
    "name": "Brunei Darussalam"
  },
  {
    "alpha_2": "BT",
    "alpha_3": "BTN",
    "name": "Bhutan",
    "official_name": "Kingdom of Bhutan"
  },
  {
    "alpha_2": "BV",
    "alpha_3": "BVT",
    "name": "Bouvet Island"
  },
  {
    "alpha_2": "BW",
    "alpha_3": "BWA",
    "name": "Botswana",
    "official_name": "Republic of Botswana"
  },
  {
    "alpha_2": "CF",
    "alpha_3": "CAF",
    "name": "Central African Republic"
  },
  {
    "alpha_2": "CA",
    "alpha_3": "CAN",
    "name": "Canada"
  },
  {
    "alpha_2": "CC",
    "alpha_3": "CCK",
    "name": "Cocos (Keeling) Islands"
  },
  {
    "alpha_2": "CH",
    "alpha_3": "CHE",
    "name": "Switzerland",
    "official_name": "Swiss Confederation"
  },
  {
    "alpha_2": "CL",
    "alpha_3": "CHL",
    "name": "Chile",
    "official_name": "Republic of Chile"
  },
  {
    "alpha_2": "CN",
    "alpha_3": "CHN",
    "name": "China",
    "official_name": "People's Republic of China"
  },
  {
    "alpha_2": "CI",
    "alpha_3": "CIV",
    "name": "Côte d'Ivoire",
    "official_name": "Republic of Côte d'Ivoire"
  },
  {
    "alpha_2": "CM",
    "alpha_3": "CMR",
    "name": "Cameroon",
    "official_name": "Republic of Cameroon"
  },
  {
    "alpha_2": "CD",
    "alpha_3": "COD",
    "name": "Congo, The Democratic Republic of the"
  },
  {
    "alpha_2": "CG",
    "alpha_3": "COG",
    "name": "Congo",
    "official_name": "Republic of the Congo"
  },
  {
    "alpha_2": "CK",
    "alpha_3": "COK",
    "name": "Cook Islands"
  },
  {
    "alpha_2": "CO",
    "alpha_3": "COL",
    "name": "Colombia",
    "official_name": "Republic of Colombia"
  },
  {
    "alpha_2": "KM",
    "alpha_3": "COM",
    "name": "Comoros",
    "official_name": "Union of the Comoros"
  },
  {
    "alpha_2": "CV",
    "alpha_3": "CPV",
    "name": "Cabo Verde",
    "official_name": "Republic of Cabo Verde"
  },
  {
    "alpha_2": "CR",
    "alpha_3": "CRI",
    "name": "Costa Rica",
    "official_name": "Republic of Costa Rica"
  },
  {
    "alpha_2": "CU",
    "alpha_3": "CUB",
    "name": "Cuba",
    "official_name": "Republic of Cuba"
  },
  {
    "alpha_2": "CW",
    "alpha_3": "CUW",
    "name": "Curaçao",
    "official_name": "Curaçao"
  },
  {
    "alpha_2": "CX",
    "alpha_3": "CXR",
    "name": "Christmas Island"
  },
  {
    "alpha_2": "KY",
    "alpha_3": "CYM",
    "name": "Cayman Islands"
  },
  {
    "alpha_2": "CY",
    "alpha_3": "CYP",
    "name": "Cyprus",
    "official_name": "Republic of Cyprus"
  },
  {
    "alpha_2": "CZ",
    "alpha_3": "CZE",
    "name": "Czechia",
    "official_name": "Czech Republic"
  },
  {
    "alpha_2": "DE",
    "alpha_3": "DEU",
    "name": "Germany",
    "official_name": "Federal Republic of Germany"
  },
  {
    "alpha_2": "DJ",
    "alpha_3": "DJI",
    "name": "Djibouti",
    "official_name": "Republic of Djibouti"
  },
  {
    "alpha_2": "DM",
    "alpha_3": "DMA",
    "name": "Dominica",
    "official_name": "Commonwealth of Dominica"
  },
  {
    "alpha_2": "DK",
    "alpha_3": "DNK",
    "name": "Denmark",
    "official_name": "Kingdom of Denmark"
  },
  {
    "alpha_2": "DO",
    "alpha_3": "DOM",
    "name": "Dominican Republic"
  },
  {
    "alpha_2": "DZ",
    "alpha_3": "DZA",
    "name": "Algeria",
    "official_name": "People's Democratic Republic of Algeria"
  },
  {
    "alpha_2": "EC",
    "alpha_3": "ECU",
    "name": "Ecuador",
    "official_name": "Republic of Ecuador"
  },
  {
    "alpha_2": "EG",
    "alpha_3": "EGY",
    "name": "Egypt",
    "official_name": "Arab Republic of Egypt"
  },
  {
    "alpha_2": "ER",
    "alpha_3": "ERI",
    "name": "Eritrea",
    "official_name": "the State of Eritrea"
  },
  {
    "alpha_2": "EH",
    "alpha_3": "ESH",
    "name": "Western Sahara"
  },
  {
    "alpha_2": "ES",
    "alpha_3": "ESP",
    "name": "Spain",
    "official_name": "Kingdom of Spain"
  },
  {
    "alpha_2": "EE",
    "alpha_3": "EST",
    "name": "Estonia",
    "official_name": "Republic of Estonia"
  },
  {
    "alpha_2": "ET",
    "alpha_3": "ETH",
    "name": "Ethiopia",
    "official_name": "Federal Democratic Republic of Ethiopia"
  },
  {
    "alpha_2": "FI",
    "alpha_3": "FIN",
    "name": "Finland",
    "official_name": "Republic of Finland"
  },
  {
    "alpha_2": "FJ",
    "alpha_3": "FJI",
    "name": "Fiji",
    "official_name": "Republic of Fiji"
  },
  {
    "alpha_2": "FK",
    "alpha_3": "FLK",
    "name": "Falkland Islands (Malvinas)"
  },
  {
    "alpha_2": "FR",
    "alpha_3": "FRA",
    "name": "France",
    "official_name": "French Republic"
  },
  {
    "alpha_2": "FO",
    "alpha_3": "FRO",
    "name": "Faroe Islands"
  },
  {
    "alpha_2": "FM",
    "alpha_3": "FSM",
    "name": "Micronesia, Federated States of",
    "official_name": "Federated States of Micronesia"
  },
  {
    "alpha_2": "GA",
    "alpha_3": "GAB",
    "name": "Gabon",
    "official_name": "Gabonese Republic"
  },
  {
    "alpha_2": "GB",
    "alpha_3": "GBR",
    "name": "United Kingdom",
    "official_name": "United Kingdom of Great Britain and Northern Ireland"
  },
  {
    "alpha_2": "GE",
    "alpha_3": "GEO",
    "name": "Georgia"
  },
  {
    "alpha_2": "GG",
    "alpha_3": "GGY",
    "name": "Guernsey"
  },
  {
    "alpha_2": "GH",
    "alpha_3": "GHA",
    "name": "Ghana",
    "official_name": "Republic of Ghana"
  },
  {
    "alpha_2": "GI",
    "alpha_3": "GIB",
    "name": "Gibraltar"
  },
  {
    "alpha_2": "GN",
    "alpha_3": "GIN",
    "name": "Guinea",
    "official_name": "Republic of Guinea"
  },
  {
    "alpha_2": "GP",
    "alpha_3": "GLP",
    "name": "Guadeloupe"
  },
  {
    "alpha_2": "GM",
    "alpha_3": "GMB",
    "name": "Gambia",
    "official_name": "Republic of the Gambia"
  },
  {
    "alpha_2": "GW",
    "alpha_3": "GNB",
    "name": "Guinea-Bissau",
    "official_name": "Republic of Guinea-Bissau"
  },
  {
    "alpha_2": "GQ",
    "alpha_3": "GNQ",
    "name": "Equatorial Guinea",
    "official_name": "Republic of Equatorial Guinea"
  },
  {
    "alpha_2": "GR",
    "alpha_3": "GRC",
    "name": "Greece",
    "official_name": "Hellenic Republic"
  },
  {
    "alpha_2": "GD",
    "alpha_3": "GRD",
    "name": "Grenada"
  },
  {
    "alpha_2": "GL",
    "alpha_3": "GRL",
    "name": "Greenland"
  },
  {
    "alpha_2": "GT",
    "alpha_3": "GTM",
    "name": "Guatemala",
    "official_name": "Republic of Guatemala"
  },
  {
    "alpha_2": "GF",
    "alpha_3": "GUF",
    "name": "French Guiana"
  },
  {
    "alpha_2": "GU",
    "alpha_3": "GUM",
    "name": "Guam"
  },
  {
    "alpha_2": "GY",
    "alpha_3": "GUY",
    "name": "Guyana",
    "official_name": "Republic of Guyana"
  },
  {
    "alpha_2": "HK",
    "alpha_3": "HKG",
    "name": "Hong Kong",
    "official_name": "Hong Kong Special Administrative Region of China"
  },
  {
    "alpha_2": "HM",
    "alpha_3": "HMD",
    "name": "Heard Island and McDonald Islands"
  },
  {
    "alpha_2": "HN",
    "alpha_3": "HND",
    "name": "Honduras",
    "official_name": "Republic of Honduras"
  },
  {
    "alpha_2": "HR",
    "alpha_3": "HRV",
    "name": "Croatia",
    "official_name": "Republic of Croatia"
  },
  {
    "alpha_2": "HT",
    "alpha_3": "HTI",
    "name": "Haiti",
    "official_name": "Republic of Haiti"
  },
  {
    "alpha_2": "HU",
    "alpha_3": "HUN",
    "name": "Hungary",
    "official_name": "Hungary"
  },
  {
    "alpha_2": "ID",
    "alpha_3": "IDN",
    "name": "Indonesia",
    "official_name": "Republic of Indonesia"
  },
  {
    "alpha_2": "IM",
    "alpha_3": "IMN",
    "name": "Isle of Man"
  },
  {
    "alpha_2": "IN",
    "alpha_3": "IND",
    "name": "India",
    "official_name": "Republic of India"
  },
  {
    "alpha_2": "IO",
    "alpha_3": "IOT",
    "name": "British Indian Ocean Territory"
  },
  {
    "alpha_2": "IE",
    "alpha_3": "IRL",
    "name": "Ireland"
  },
  {
    "alpha_2": "IR",
    "alpha_3": "IRN",
    "common_name": "Iran",
    "name": "Iran, Islamic Republic of",
    "official_name": "Islamic Republic of Iran"
  },
  {
    "alpha_2": "IQ",
    "alpha_3": "IRQ",
    "name": "Iraq",
    "official_name": "Republic of Iraq"
  },
  {
    "alpha_2": "IS",
    "alpha_3": "ISL",
    "name": "Iceland",
    "official_name": "Republic of Iceland"
  },
  {
    "alpha_2": "IL",
    "alpha_3": "ISR",
    "name": "Israel",
    "official_name": "State of Israel"
  },
  {
    "alpha_2": "IT",
    "alpha_3": "ITA",
    "name": "Italy",
    "official_name": "Italian Republic"
  },
  {
    "alpha_2": "JM",
    "alpha_3": "JAM",
    "name": "Jamaica"
  },
  {
    "alpha_2": "JE",
    "alpha_3": "JEY",
    "name": "Jersey"
  },
  {
    "alpha_2": "JO",
    "alpha_3": "JOR",
    "name": "Jordan",
    "official_name": "Hashemite Kingdom of Jordan"
  },
  {
    "alpha_2": "JP",
    "alpha_3": "JPN",
    "name": "Japan"
  },
  {
    "alpha_2": "KZ",
    "alpha_3": "KAZ",
    "name": "Kazakhstan",
    "official_name": "Republic of Kazakhstan"
  },
  {
    "alpha_2": "KE",
    "alpha_3": "KEN",
    "name": "Kenya",
    "official_name": "Republic of Kenya"
  },
  {
    "alpha_2": "KG",
    "alpha_3": "KGZ",
    "name": "Kyrgyzstan",
    "official_name": "Kyrgyz Republic"
  },
  {
    "alpha_2": "KH",
    "alpha_3": "KHM",
    "name": "Cambodia",
    "official_name": "Kingdom of Cambodia"
  },
  {
    "alpha_2": "KI",
    "alpha_3": "KIR",
    "name": "Kiribati",
    "official_name": "Republic of Kiribati"
  },
  {
    "alpha_2": "KN",
    "alpha_3": "KNA",
    "name": "Saint Kitts and Nevis"
  },
  {
    "alpha_2": "KR",
    "alpha_3": "KOR",
    "common_name": "South Korea",
    "name": "Korea, Republic of"
  },
  {
    "alpha_2": "KW",
    "alpha_3": "KWT",
    "name": "Kuwait",
    "official_name": "State of Kuwait"
  },
  {
    "alpha_2": "LA",
    "alpha_3": "LAO",
    "common_name": "Laos",
    "name": "Lao People's Democratic Republic"
  },
  {
    "alpha_2": "LB",
    "alpha_3": "LBN",
    "name": "Lebanon",
    "official_name": "Lebanese Republic"
  },
  {
    "alpha_2": "LR",
    "alpha_3": "LBR",
    "name": "Liberia",
    "official_name": "Republic of Liberia"
  },
  {
    "alpha_2": "LY",
    "alpha_3": "LBY",
    "name": "Libya",
    "official_name": "Libya"
  },
  {
    "alpha_2": "LC",
    "alpha_3": "LCA",
    "name": "Saint Lucia"
  },
  {
    "alpha_2": "LI",
    "alpha_3": "LIE",
    "name": "Liechtenstein",
    "official_name": "Principality of Liechtenstein"
  },
  {
    "alpha_2": "LK",
    "alpha_3": "LKA",
    "name": "Sri Lanka",
    "official_name": "Democratic Socialist Republic of Sri Lanka"
  },
  {
    "alpha_2": "LS",
    "alpha_3": "LSO",
    "name": "Lesotho",
    "official_name": "Kingdom of Lesotho"
  },
  {
    "alpha_2": "LT",
    "alpha_3": "LTU",
    "name": "Lithuania",
    "official_name": "Republic of Lithuania"
  },
  {
    "alpha_2": "LU",
    "alpha_3": "LUX",
    "name": "Luxembourg",
    "official_name": "Grand Duchy of Luxembourg"
  },
  {
    "alpha_2": "LV",
    "alpha_3": "LVA",
    "name": "Latvia",
    "official_name": "Republic of Latvia"
  },
  {
    "alpha_2": "MO",
    "alpha_3": "MAC",
    "name": "Macao",
    "official_name": "Macao Special Administrative Region of China"
  },
  {
    "alpha_2": "MF",
    "alpha_3": "MAF",
    "name": "Saint Martin (French part)"
  },
  {
    "alpha_2": "MA",
    "alpha_3": "MAR",
    "name": "Morocco",
    "official_name": "Kingdom of Morocco"
  },
  {
    "alpha_2": "MC",
    "alpha_3": "MCO",
    "name": "Monaco",
    "official_name": "Principality of Monaco"
  },
  {
    "alpha_2": "MD",
    "alpha_3": "MDA",
    "common_name": "Moldova",
    "name": "Moldova, Republic of",
    "official_name": "Republic of Moldova"
  },
  {
    "alpha_2": "MG",
    "alpha_3": "MDG",
    "name": "Madagascar",
    "official_name": "Republic of Madagascar"
  },
  {
    "alpha_2": "MV",
    "alpha_3": "MDV",
    "name": "Maldives",
    "official_name": "Republic of Maldives"
  },
  {
    "alpha_2": "MX",
    "alpha_3": "MEX",
    "name": "Mexico",
    "official_name": "United Mexican States"
  },
  {
    "alpha_2": "MH",
    "alpha_3": "MHL",
    "name": "Marshall Islands",
    "official_name": "Republic of the Marshall Islands"
  },
  {
    "alpha_2": "MK",
    "alpha_3": "MKD",
    "name": "North Macedonia",
    "official_name": "Republic of North Macedonia"
  },
  {
    "alpha_2": "ML",
    "alpha_3": "MLI",
    "name": "Mali",
    "official_name": "Republic of Mali"
  },
  {
    "alpha_2": "MT",
    "alpha_3": "MLT",
    "name": "Malta",
    "official_name": "Republic of Malta"
  },
  {
    "alpha_2": "MM",
    "alpha_3": "MMR",
    "name": "Myanmar",
    "official_name": "Republic of Myanmar"
  },
  {
    "alpha_2": "ME",
    "alpha_3": "MNE",
    "name": "Montenegro",
    "official_name": "Montenegro"
  },
  {
    "alpha_2": "MN",
    "alpha_3": "MNG",
    "name": "Mongolia"
  },
  {
    "alpha_2": "MP",
    "alpha_3": "MNP",
    "name": "Northern Mariana Islands",
    "official_name": "Commonwealth of the Northern Mariana Islands"
  },
  {
    "alpha_2": "MZ",
    "alpha_3": "MOZ",
    "name": "Mozambique",
    "official_name": "Republic of Mozambique"
  },
  {
    "alpha_2": "MR",
    "alpha_3": "MRT",
    "name": "Mauritania",
    "official_name": "Islamic Republic of Mauritania"
  },
  {
    "alpha_2": "MS",
    "alpha_3": "MSR",
    "name": "Montserrat"
  },
  {
    "alpha_2": "MQ",
    "alpha_3": "MTQ",
    "name": "Martinique"
  },
  {
    "alpha_2": "MU",
    "alpha_3": "MUS",
    "name": "Mauritius",
    "official_name": "Republic of Mauritius"
  },
  {
    "alpha_2": "MW",
    "alpha_3": "MWI",
    "name": "Malawi",
    "official_name": "Republic of Malawi"
  },
  {
    "alpha_2": "MY",
    "alpha_3": "MYS",
    "name": "Malaysia"
  },
  {
    "alpha_2": "YT",
    "alpha_3": "MYT",
    "name": "Mayotte"
  },
  {
    "alpha_2": "NA",
    "alpha_3": "NAM",
    "name": "Namibia",
    "official_name": "Republic of Namibia"
  },
  {
    "alpha_2": "NC",
    "alpha_3": "NCL",
    "name": "New Caledonia"
  },
  {
    "alpha_2": "NE",
    "alpha_3": "NER",
    "name": "Niger",
    "official_name": "Republic of the Niger"
  },
  {
    "alpha_2": "NF",
    "alpha_3": "NFK",
    "name": "Norfolk Island"
  },
  {
    "alpha_2": "NG",
    "alpha_3": "NGA",
    "name": "Nigeria",
    "official_name": "Federal Republic of Nigeria"
  },
  {
    "alpha_2": "NI",
    "alpha_3": "NIC",
    "name": "Nicaragua",
    "official_name": "Republic of Nicaragua"
  },
  {
    "alpha_2": "NU",
    "alpha_3": "NIU",
    "name": "Niue",
    "official_name": "Niue"
  },
  {
    "alpha_2": "NL",
    "alpha_3": "NLD",
    "name": "Netherlands",
    "official_name": "Kingdom of the Netherlands"
  },
  {
    "alpha_2": "NO",
    "alpha_3": "NOR",
    "name": "Norway",
    "official_name": "Kingdom of Norway"
  },
  {
    "alpha_2": "NP",
    "alpha_3": "NPL",
    "name": "Nepal",
    "official_name": "Federal Democratic Republic of Nepal"
  },
  {
    "alpha_2": "NR",
    "alpha_3": "NRU",
    "name": "Nauru",
    "official_name": "Republic of Nauru"
  },
  {
    "alpha_2": "NZ",
    "alpha_3": "NZL",
    "name": "New Zealand"
  },
  {
    "alpha_2": "OM",
    "alpha_3": "OMN",
    "name": "Oman",
    "official_name": "Sultanate of Oman"
  },
  {
    "alpha_2": "PK",
    "alpha_3": "PAK",
    "name": "Pakistan",
    "official_name": "Islamic Republic of Pakistan"
  },
  {
    "alpha_2": "PA",
    "alpha_3": "PAN",
    "name": "Panama",
    "official_name": "Republic of Panama"
  },
  {
    "alpha_2": "PN",
    "alpha_3": "PCN",
    "name": "Pitcairn"
  },
  {
    "alpha_2": "PE",
    "alpha_3": "PER",
    "name": "Peru",
    "official_name": "Republic of Peru"
  },
  {
    "alpha_2": "PH",
    "alpha_3": "PHL",
    "name": "Philippines",
    "official_name": "Republic of the Philippines"
  },
  {
    "alpha_2": "PW",
    "alpha_3": "PLW",
    "name": "Palau",
    "official_name": "Republic of Palau"
  },
  {
    "alpha_2": "PG",
    "alpha_3": "PNG",
    "name": "Papua New Guinea",
    "official_name": "Independent State of Papua New Guinea"
  },
  {
    "alpha_2": "PL",
    "alpha_3": "POL",
    "name": "Poland",
    "official_name": "Republic of Poland"
  },
  {
    "alpha_2": "PR",
    "alpha_3": "PRI",
    "name": "Puerto Rico"
  },
  {
    "alpha_2": "KP",
    "alpha_3": "PRK",
    "common_name": "North Korea",
    "name": "Korea, Democratic People's Republic of",
    "official_name": "Democratic People's Republic of Korea"
  },
  {
    "alpha_2": "PT",
    "alpha_3": "PRT",
    "name": "Portugal",
    "official_name": "Portuguese Republic"
  },
  {
    "alpha_2": "PY",
    "alpha_3": "PRY",
    "name": "Paraguay",
    "official_name": "Republic of Paraguay"
  },
  {
    "alpha_2": "PS",
    "alpha_3": "PSE",
    "name": "Palestine, State of",
    "official_name": "the State of Palestine"
  },
  {
    "alpha_2": "PF",
    "alpha_3": "PYF",
    "name": "French Polynesia"
  },
  {
    "alpha_2": "QA",
    "alpha_3": "QAT",
    "name": "Qatar",
    "official_name": "State of Qatar"
  },
  {
    "alpha_2": "RE",
    "alpha_3": "REU",
    "name": "Réunion"
  },
  {
    "alpha_2": "RO",
    "alpha_3": "ROU",
    "name": "Romania"
  },
  {
    "alpha_2": "RU",
    "alpha_3": "RUS",
    "name": "Russian Federation"
  },
  {
    "alpha_2": "RW",
    "alpha_3": "RWA",
    "name": "Rwanda",
    "official_name": "Rwandese Republic"
  },
  {
    "alpha_2": "SA",
    "alpha_3": "SAU",
    "name": "Saudi Arabia",
    "official_name": "Kingdom of Saudi Arabia"
  },
  {
    "alpha_2": "SD",
    "alpha_3": "SDN",
    "name": "Sudan",
    "official_name": "Republic of the Sudan"
  },
  {
    "alpha_2": "SN",
    "alpha_3": "SEN",
    "name": "Senegal",
    "official_name": "Republic of Senegal"
  },
  {
    "alpha_2": "SG",
    "alpha_3": "SGP",
    "name": "Singapore",
    "official_name": "Republic of Singapore"
  },
  {
    "alpha_2": "GS",
    "alpha_3": "SGS",
    "name": "South Georgia and the South Sandwich Islands"
  },
  {
    "alpha_2": "SH",
    "alpha_3": "SHN",
    "name": "Saint Helena, Ascension and Tristan da Cunha"
  },
  {
    "alpha_2": "SJ",
    "alpha_3": "SJM",
    "name": "Svalbard and Jan Mayen"
  },
  {
    "alpha_2": "SB",
    "alpha_3": "SLB",
    "name": "Solomon Islands"
  },
  {
    "alpha_2": "SL",
    "alpha_3": "SLE",
    "name": "Sierra Leone",
    "official_name": "Republic of Sierra Leone"
  },
  {
    "alpha_2": "SV",
    "alpha_3": "SLV",
    "name": "El Salvador",
    "official_name": "Republic of El Salvador"
  },
  {
    "alpha_2": "SM",
    "alpha_3": "SMR",
    "name": "San Marino",
    "official_name": "Republic of San Marino"
  },
  {
    "alpha_2": "SO",
    "alpha_3": "SOM",
    "name": "Somalia",
    "official_name": "Federal Republic of Somalia"
  },
  {
    "alpha_2": "PM",
    "alpha_3": "SPM",
    "name": "Saint Pierre and Miquelon"
  },
  {
    "alpha_2": "RS",
    "alpha_3": "SRB",
    "name": "Serbia",
    "official_name": "Republic of Serbia"
  },
  {
    "alpha_2": "SS",
    "alpha_3": "SSD",
    "name": "South Sudan",
    "official_name": "Republic of South Sudan"
  },
  {
    "alpha_2": "ST",
    "alpha_3": "STP",
    "name": "Sao Tome and Principe",
    "official_name": "Democratic Republic of Sao Tome and Principe"
  },
  {
    "alpha_2": "SR",
    "alpha_3": "SUR",
    "name": "Suriname",
    "official_name": "Republic of Suriname"
  },
  {
    "alpha_2": "SK",
    "alpha_3": "SVK",
    "name": "Slovakia",
    "official_name": "Slovak Republic"
  },
  {
    "alpha_2": "SI",
    "alpha_3": "SVN",
    "name": "Slovenia",
    "official_name": "Republic of Slovenia"
  },
  {
    "alpha_2": "SE",
    "alpha_3": "SWE",
    "name": "Sweden",
    "official_name": "Kingdom of Sweden"
  },
  {
    "alpha_2": "SZ",
    "alpha_3": "SWZ",
    "name": "Eswatini",
    "official_name": "Kingdom of Eswatini"
  },
  {
    "alpha_2": "SX",
    "alpha_3": "SXM",
    "name": "Sint Maarten (Dutch part)",
    "official_name": "Sint Maarten (Dutch part)"
  },
  {
    "alpha_2": "SC",
    "alpha_3": "SYC",
    "name": "Seychelles",
    "official_name": "Republic of Seychelles"
  },
  {
    "alpha_2": "SY",
    "alpha_3": "SYR",
    "common_name": "Syria",
    "name": "Syrian Arab Republic"
  },
  {
    "alpha_2": "TC",
    "alpha_3": "TCA",
    "name": "Turks and Caicos Islands"
  },
  {
    "alpha_2": "TD",
    "alpha_3": "TCD",
    "name": "Chad",
    "official_name": "Republic of Chad"
  },
  {
    "alpha_2": "TG",
    "alpha_3": "TGO",
    "name": "Togo",
    "official_name": "Togolese Republic"
  },
  {
    "alpha_2": "TH",
    "alpha_3": "THA",
    "name": "Thailand",
    "official_name": "Kingdom of Thailand"
  },
  {
    "alpha_2": "TJ",
    "alpha_3": "TJK",
    "name": "Tajikistan",
    "official_name": "Republic of Tajikistan"
  },
  {
    "alpha_2": "TK",
    "alpha_3": "TKL",
    "name": "Tokelau"
  },
  {
    "alpha_2": "TM",
    "alpha_3": "TKM",
    "name": "Turkmenistan"
  },
  {
    "alpha_2": "TL",
    "alpha_3": "TLS",
    "name": "Timor-Leste",
    "official_name": "Democratic Republic of Timor-Leste"
  },
  {
    "alpha_2": "TO",
    "alpha_3": "TON",
    "name": "Tonga",
    "official_name": "Kingdom of Tonga"
  },
  {
    "alpha_2": "TT",
    "alpha_3": "TTO",
    "name": "Trinidad and Tobago",
    "official_name": "Republic of Trinidad and Tobago"
  },
  {
    "alpha_2": "TN",
    "alpha_3": "TUN",
    "name": "Tunisia",
    "official_name": "Republic of Tunisia"
  },
  {
    "alpha_2": "TR",
    "alpha_3": "TUR",
    "name": "Türkiye",
    "official_name": "Republic of Türkiye"
  },
  {
    "alpha_2": "TV",
    "alpha_3": "TUV",
    "name": "Tuvalu"
  },
  {
    "alpha_2": "TW",
    "alpha_3": "TWN",
    "common_name": "Taiwan",
    "name": "Taiwan, Province of China",
    "official_name": "Taiwan, Province of China"
  },
  {
    "alpha_2": "TZ",
    "alpha_3": "TZA",
    "common_name": "Tanzania",
    "name": "Tanzania, United Republic of",
    "official_name": "United Republic of Tanzania"
  },
  {
    "alpha_2": "UG",
    "alpha_3": "UGA",
    "name": "Uganda",
    "official_name": "Republic of Uganda"
  },
  {
    "alpha_2": "UA",
    "alpha_3": "UKR",
    "name": "Ukraine"
  },
  {
    "alpha_2": "UM",
    "alpha_3": "UMI",
    "name": "United States Minor Outlying Islands"
  },
  {
    "alpha_2": "UY",
    "alpha_3": "URY",
    "name": "Uruguay",
    "official_name": "Eastern Republic of Uruguay"
  },
  {
    "alpha_2": "US",
    "alpha_3": "USA",
    "name": "United States",
    "official_name": "United States of America"
  },
  {
    "alpha_2": "UZ",
    "alpha_3": "UZB",
    "name": "Uzbekistan",
    "official_name": "Republic of Uzbekistan"
  },
  {
    "alpha_2": "VA",
    "alpha_3": "VAT",
    "name": "Holy See (Vatican City State)"
  },
  {
    "alpha_2": "VC",
    "alpha_3": "VCT",
    "name": "Saint Vincent and the Grenadines"
  },
  {
    "alpha_2": "VE",
    "alpha_3": "VEN",
    "common_name": "Venezuela",
    "name": "Venezuela, Bolivarian Republic of",
    "official_name": "Bolivarian Republic of Venezuela"
  },
  {
    "alpha_2": "VG",
    "alpha_3": "VGB",
    "name": "Virgin Islands, British",
    "official_name": "British Virgin Islands"
  },
  {
    "alpha_2": "VI",
    "alpha_3": "VIR",
    "name": "Virgin Islands, U.S.",
    "official_name": "Virgin Islands of the United States"
  },
  {
    "alpha_2": "VN",
    "alpha_3": "VNM",
    "common_name": "Vietnam",
    "name": "Viet Nam",
    "official_name": "Socialist Republic of Viet Nam"
  },
  {
    "alpha_2": "VU",
    "alpha_3": "VUT",
    "name": "Vanuatu",
    "official_name": "Republic of Vanuatu"
  },
  {
    "alpha_2": "WF",
    "alpha_3": "WLF",
    "name": "Wallis and Futuna"
  },
  {
    "alpha_2": "WS",
    "alpha_3": "WSM",
    "name": "Samoa",
    "official_name": "Independent State of Samoa"
  },
  {
    "alpha_2": "YE",
    "alpha_3": "YEM",
    "name": "Yemen",
    "official_name": "Republic of Yemen"
  },
  {
    "alpha_2": "ZA",
    "alpha_3": "ZAF",
    "name": "South Africa",
    "official_name": "Republic of South Africa"
  },
  {
    "alpha_2": "ZM",
    "alpha_3": "ZMB",
    "name": "Zambia",
    "official_name": "Republic of Zambia"
  },
  {
    "alpha_2": "ZW",
    "alpha_3": "ZWE",
    "name": "Zimbabwe",
    "official_name": "Republic of Zimbabwe"
  }
]